{
    "133": ["Elvis","assets/elvis.jpg","http://html5-ninja.com"],
    "244": ["Kurt Cobain","assets/cobain.jpg","http://html5-ninja.com"],
    "3": ["Hendrix","assets/hendrix.jpg","http://html5-ninja.com"],
    "666": ["Satan","assets/satan.jpg","http://html5-ninja.com"],
    "999": ["God","assets/god.jpg","http://html5-ninja.com"],
    "111": ["Jesus","assets/jesus.jpg","http://html5-ninja.com"],
    "1": ["Homer Simpson","assets/homer.gif","http://html5-ninja.com"],
    "2": ["Roger","assets/roger.gif","http://html5-ninja.com"],
    "4": ["Snoopy","assets/snoopy.jpeg","http://html5-ninja.com"]
}